{"login_x":4.995614035087719,"login_y":8.092592592592593,"getInto_x":8.342105263157896,"getInto_y":8.833333333333334,"weiChar_x":6.666666666666667,"weiChar_y":6.537037037037037,"283_x":2.412280701754386,"283_y":null,"clossAlert_x":9,"clossAlert_y":0.3425925925925926,"agree_x":2.6798245614035086,"agree_y":7.62962962962963,"qLonIn_x":3.754385964912281,"qLonIn_y":6.777777777777778,"loginButtn_x":5.5,"loginButtn_y":8.231481481481481,"giftBag_x":8.298245614035087,"giftBag_y":0.5462962962962963,"login2_x":4.578947368421052,"login2_y":8.157407407407407,"menu_x":9.350877192982455,"menu_y":0.3888888888888889,"slide_x":7.600877192982456,"slide_y":2.064814814814815,"slideEnd_x":7.390350877192983,"slideEnd_y":7.453703703703703,"home_x":2.5657894736842106,"home_y":9.324074074074074,"TheBallSearch_x":2.758771929824561,"TheBallSearch_y":3.990740740740741,"Directionalsearch_x":4,"Directionalsearch_y":4.351851851851852,"BoxSrart_x":2.469298245614035,"BoxSrart_y":2.7962962962962963,"BoxEnd_x":7.456140350877193,"BoxEnd_y":8.37962962962963,"quickSearch_x":4.267543859649122,"quickSearch_y":5.768518518518518,"speedUp_x":9.179824561403509,"speedUp_y":6.055555555555555,"success_x":5.271929824561403,"success_y":2.4814814814814814,"gather_x":6.925438596491228,"gather_y":5.546296296296297,"attack_x":8.451754385964913,"attack_y":7.333333333333333,"death_x":8.912280701754385,"death_y":8.87037037037037,"family_x":8.991228070175438,"family_y":7.055555555555555,"tiansu_x":8.824561403508772,"tiansu_y":8.75925925925926,"menuBut_x":9.350877192982455,"menuBut_y":0.3888888888888889,"beDivorced_x":8.802631578947368,"beDivorced_y":8.453703703703704,"search_x":5.333333333333333,"search_y":8.148148148148149,"food_x":8.324561403508772,"food_y":2.074074074074074,"oneFood_x":7,"oneFood_y":3.1203703703703702,"searchColour_x":5.399122807017544,"searchColour_y":8.305555555555555,"slideGoods_x":5.412280701754386,"slideGoods_y":7.157407407407407,"slideEndGoods_x":5.434210526315789,"slideEndGoods_y":2.9537037037037037,"jump_x":9.140350877192983,"jump_y":7.546296296296297,"loginstart_x":4.302631578947368,"loginstart_y":7.731481481481482,"loginend_x":5.587719298245614,"loginend_y":8.481481481481481,"login2start_x":8.929824561403509,"login2start_y":0.2222222222222222,"login2end_x":9.706140350877194,"login2end_y":1.0740740740740742,"weiCharstart_x":5.701754385964913,"weiCharstart_y":5.944444444444445,"weiCharend_x":6.517543859649122,"weiCharend_y":6.833333333333333,"diaoyu_x":8.403508771929825,"diaoyu_y":7.203703703703703,"sstart_x":null,"sstart_y":null,"send_x":null,"send_y":null}